Name,Profession,Location,Address,City,State,Postal_Code,Phone,Website,Email,NPI,Source
N/A,dentist,"Los Angeles, CA","2711 CASIANO RD, LOS ANGELES, CA, 900779007",LOS ANGELES,CA,900779007,310-228-7048,N/A,N/A,1740895150,NPI Registry
N/A,dentist,"Los Angeles, CA","525 N AZUSA AVE #112, LA PUENTE, CA, 91744",LA PUENTE,CA,91744,510-332-4148,N/A,N/A,1952857237,NPI Registry
N/A,dentist,"Los Angeles, CA","2143 CAMDEN AVE, LOS ANGELES, CA, 900255715",LOS ANGELES,CA,900255715,310-923-1700,N/A,N/A,1699934026,NPI Registry
N/A,dentist,"Los Angeles, CA","1212 BROCKTON AVE, #102, LOS ANGELES, CA, 900251355",LOS ANGELES,CA,900251355,310-903-3057,N/A,N/A,1588941603,NPI Registry
N/A,dentist,"Los Angeles, CA","3050 S 1ST ST STE 233, GARLAND, TX, 750413451",GARLAND,TX,750413451,972-840-4200,N/A,N/A,1336611003,NPI Registry
N/A,dentist,"Los Angeles, CA","4201 WILSHIRE BLVD STE 112, LOS ANGELES, CA, 900103602",LOS ANGELES,CA,900103602,323-939-9898,N/A,N/A,1689380222,NPI Registry
N/A,dentist,"Los Angeles, CA","19754 BEACH BLVD, HUNTINGTON BEACH, CA, 926482989",HUNTINGTON BEACH,CA,926482989,714-964-8830,N/A,N/A,1821960758,NPI Registry
N/A,dentist,"Los Angeles, CA","1823 MALCOLM AVE APT 4, LOS ANGELES, CA, 900257642",LOS ANGELES,CA,900257642,310-779-6060,N/A,N/A,1861784324,NPI Registry
N/A,dentist,"Los Angeles, CA","3151 S HOOVER ST, LOS ANGELES, CA, 900897792",LOS ANGELES,CA,900897792,213-740-2012,N/A,N/A,1912109299,NPI Registry
N/A,dentist,"Los Angeles, CA","11955 W WASHINGTON BLVD, LOS ANGELES, CA, 900665887",LOS ANGELES,CA,900665887,310-237-5747,N/A,N/A,1861918831,NPI Registry
N/A,dentist,"Los Angeles, CA","3460 WILSHIRE BLVD, 210, LOS ANGELES, CA, 900102206",LOS ANGELES,CA,900102206,213-386-3348,N/A,N/A,1598975575,NPI Registry
N/A,dentist,"Los Angeles, CA","520 E MANCHESTER AVE, LOS ANGELES, CA, 900033525",LOS ANGELES,CA,900033525,323-753-3000,N/A,N/A,1346913803,NPI Registry
N/A,dentist,"Los Angeles, CA","6451 WHITTIER BLVD, LOS ANGELES, CA, 900224627",LOS ANGELES,CA,900224627,323-728-0241,N/A,N/A,1285790907,NPI Registry
N/A,dentist,"Los Angeles, CA","169 S ALVARADO ST, SUITE # 103, LOS ANGELES, CA, 900572224",LOS ANGELES,CA,900572224,213-353-4723,N/A,N/A,1215171343,NPI Registry
N/A,dentist,"Los Angeles, CA","3311 GLENDALE BLVD, LOS ANGELES, CA, 900391812",LOS ANGELES,CA,900391812,323-665-7665,N/A,N/A,1447340310,NPI Registry
N/A,dentist,"Los Angeles, CA","302 E CARSON AVE FL 10, LAS VEGAS, NV, 891015905",LAS VEGAS,NV,891015905,310-435-5537,N/A,N/A,1497892699,NPI Registry
N/A,dentist,"Los Angeles, CA","1508 S BEVERLY GLEN BLVD, APT 202, LOS ANGELES, CA, 900246192",LOS ANGELES,CA,900246192,310-922-2180,N/A,N/A,1053459065,NPI Registry
N/A,dentist,"Los Angeles, CA","180 E MISSION BLVD, POMONA, CA, 917661843",POMONA,CA,917661843,909-623-5278,N/A,N/A,1740519024,NPI Registry
N/A,dentist,"Los Angeles, CA","925 W 34TH ST # 108, LOS ANGELES, CA, 900893075",LOS ANGELES,CA,900893075,412-608-2381,N/A,N/A,1932453198,NPI Registry
N/A,dentist,"Los Angeles, CA","4650 W SUNSET BLVD, LOS ANGELES, CA, 900276062",LOS ANGELES,CA,900276062,323-660-2450,N/A,N/A,1033522578,NPI Registry
N/A,dentist,"Los Angeles, CA","2720 CIMARRON ST, LOS ANGELES, CA, 900182536",LOS ANGELES,CA,900182536,310-429-0131,N/A,N/A,1326828476,NPI Registry
N/A,dentist,"Los Angeles, CA","2135 CYPRESS AVE, LOS ANGELES, CA, 900651212",LOS ANGELES,CA,900651212,323-223-0731,N/A,N/A,1679505077,NPI Registry
N/A,dentist,"Los Angeles, CA","715 S KING ST STE 425, HONOLULU, HI, 968133021",HONOLULU,HI,968133021,808-521-4421,N/A,N/A,1245799642,NPI Registry
N/A,dentist,"Los Angeles, CA","522 S SAN PEDRO ST, LOS ANGELES, CA, 900132102",LOS ANGELES,CA,900132102,213-486-4045,N/A,N/A,1902306665,NPI Registry
N/A,dentist,"Los Angeles, CA","5220 W WASHINGTON BLVD, SUITE 103, LOS ANGELES, CA, 900161331",LOS ANGELES,CA,900161331,323-933-5641,N/A,N/A,1235240888,NPI Registry
N/A,dentist,"Los Angeles, CA","20707 ANZA AVE, APT # 271, TORRANCE, CA, 905032925",TORRANCE,CA,905032925,424-247-7235,N/A,N/A,1407890056,NPI Registry
N/A,dentist,"Los Angeles, CA","1039 GRANT ST SE STE B11, ATLANTA, GA, 303152050",ATLANTA,GA,303152050,704-747-7888,N/A,N/A,1154913697,NPI Registry
N/A,dentist,"Los Angeles, CA","1184 W 30TH ST, APARTMENT #8, LOS ANGELES, CA, 900073183",LOS ANGELES,CA,900073183,213-925-0210,N/A,N/A,1922346774,NPI Registry
N/A,dentist,"Los Angeles, CA","318 S DETROIT ST APT 407, LOS ANGELES, CA, 900363583",LOS ANGELES,CA,900363583,805-807-1103,N/A,N/A,1649835000,NPI Registry
N/A,dentist,"Los Angeles, CA","1000 W WHITTIER BLVD, MONTEBELLO, CA, 906404639",MONTEBELLO,CA,906404639,323-346-0208,N/A,N/A,1427264571,NPI Registry
N/A,dentist,"Los Angeles, CA","3875 WILSHIRE BLVD, SUITE 805, LOS ANGELES, CA, 900103205",LOS ANGELES,CA,900103205,213-387-3917,N/A,N/A,1265652648,NPI Registry
N/A,dentist,"Los Angeles, CA","2116 BEVERLY BLVD, LOS ANGELES, CA, 900572204",LOS ANGELES,CA,900572204,213-484-9418,N/A,N/A,1841402898,NPI Registry
N/A,dentist,"Los Angeles, CA","6200 WILSHIRE BLVD, SUITE 1508, LOS ANGELES, CA, 90048",LOS ANGELES,CA,90048,323-938-6137,N/A,N/A,1700954385,NPI Registry
N/A,dentist,"Los Angeles, CA","925 W 34TH ST, LOS ANGELES, CA, 900890058",LOS ANGELES,CA,900890058,213-740-2805,N/A,N/A,1952178584,NPI Registry
N/A,dentist,"Los Angeles, CA","133 S SWALL DR, #3, LOS ANGELES, CA, 900483032",LOS ANGELES,CA,900483032,818-425-7147,N/A,N/A,1083933956,NPI Registry
N/A,dentist,"Los Angeles, CA","5807 N FIGUEROA ST, LOS ANGELES, CA, 900424227",LOS ANGELES,CA,900424227,323-982-0999,N/A,N/A,1477323699,NPI Registry
N/A,dentist,"Los Angeles, CA","30451 AVENIDA DE LAS FLORES, RANCHO SANTA MARGARITA, CA, 926883953",RANCHO SANTA MARGARITA,CA,926883953,949-355-3290,N/A,N/A,1881226017,NPI Registry
N/A,dentist,"Los Angeles, CA","11607 W WASHINGTON BLVD, LOS ANGELES, CA, 900665915",LOS ANGELES,CA,900665915,310-398-6161,N/A,N/A,1205921269,NPI Registry
N/A,dentist,"Los Angeles, CA","1200 N STATE ST., CLINIC TOWER, SUITE A7D, LOS ANGELES, CA, 900331029",LOS ANGELES,CA,900331029,323-409-2345,N/A,N/A,1255834560,NPI Registry
N/A,dentist,"Los Angeles, CA","3727 W SUNSET BLVD, LOS ANGELES, CA, 900261527",LOS ANGELES,CA,900261527,323-665-9693,N/A,N/A,1093998544,NPI Registry
N/A,dentist,"Los Angeles, CA","11301 WILSHIRE BLVD, LOS ANGELES, CA, 900731003",LOS ANGELES,CA,900731003,971-409-4644,N/A,N/A,1710275375,NPI Registry
N/A,dentist,"Los Angeles, CA","4210 EAGLE ROCK BLVD, LOS ANGELES, CA, 900654405",LOS ANGELES,CA,900654405,323-550-8341,N/A,N/A,1659492171,NPI Registry
N/A,dentist,"Los Angeles, CA","6227 WILSHIRE BLVD, LOS ANGELES, CA, 900485103",LOS ANGELES,CA,900485103,323-525-0005,N/A,N/A,1073779187,NPI Registry
N/A,dentist,"Los Angeles, CA","12209 SANTA MONICA BLVD, LOS ANGELES, CA, 900252517",LOS ANGELES,CA,900252517,818-621-1330,N/A,N/A,1255665659,NPI Registry
N/A,dentist,"Los Angeles, CA","8393 TOPANGA CANYON BLVD, WEST HILLS, CA, 913042343",WEST HILLS,CA,913042343,818-227-8986,N/A,N/A,1609693654,NPI Registry
N/A,dentist,"Los Angeles, CA","16101 VENTURA BLVD STE 329, ENCINO, CA, 914362516",ENCINO,CA,914362516,818-399-4525,N/A,N/A,1730916347,NPI Registry
N/A,dentist,"Los Angeles, CA","4972 W PICO BLVD, STE 107, LOS ANGELES, CA, 900194200",LOS ANGELES,CA,900194200,323-931-6664,N/A,N/A,1851319842,NPI Registry
N/A,dentist,"Los Angeles, CA","3671 JASMINE AVE, APPT 5, LOS ANGELES, CA, 900345061",LOS ANGELES,CA,900345061,617-990-2085,N/A,N/A,1023264652,NPI Registry
N/A,dentist,"Los Angeles, CA","687 S VERMONT AVE, LOS ANGELES, CA, 900051349",LOS ANGELES,CA,900051349,213-381-7770,N/A,N/A,1013435023,NPI Registry
N/A,dentist,"Los Angeles, CA","1127 WILSHIRE BLVD, LOS ANGELES, CA, 900173901",LOS ANGELES,CA,900173901,213-481-0664,N/A,N/A,1699113050,NPI Registry
N/A,dentist,"Los Angeles, CA","28212 KELLY JOHNSON PKWY STE 170, VALENCIA, CA, 913555087",VALENCIA,CA,913555087,661-257-6453,N/A,N/A,1609293406,NPI Registry
N/A,dentist,"Los Angeles, CA","355 W MANCHESTER AVE, LOS ANGELES, CA, 900033327",LOS ANGELES,CA,900033327,323-751-4108,N/A,N/A,1720299043,NPI Registry
N/A,dentist,"Los Angeles, CA","200 1ST STREET SW, ROCHESTER, MN, 559050001",ROCHESTER,MN,559050001,507-284-2511,N/A,N/A,1023416120,NPI Registry
N/A,dentist,"Los Angeles, CA","1725 W 6TH ST, LOS ANGELES, CA, 900171000",LOS ANGELES,CA,900171000,213-413-5151,N/A,N/A,1295993582,NPI Registry
N/A,dentist,"Los Angeles, CA","1247 STONER AVE, APT 301, LOS ANGELES, CA, 900251600",LOS ANGELES,CA,900251600,775-830-3279,N/A,N/A,1083056014,NPI Registry
N/A,dentist,"Los Angeles, CA","5101 SANTA MONICA BLVD STE 15, LOS ANGELES, CA, 900292481",LOS ANGELES,CA,900292481,323-665-5423,N/A,N/A,1720175722,NPI Registry
N/A,dentist,"Los Angeles, CA","5101 SANTA MONICA BLVD STE 15, LOS ANGELES, CA, 900292481",LOS ANGELES,CA,900292481,323-665-5423,N/A,N/A,1437721701,NPI Registry
N/A,dentist,"Los Angeles, CA","530 E WASHINGTON BLVD, LOS ANGELES, CA, 900153723",LOS ANGELES,CA,900153723,213-222-2990,N/A,N/A,1598828717,NPI Registry
N/A,dentist,"Los Angeles, CA","11301 WILSHIRE BLVD, LOS ANGELES, CA, 900731003",LOS ANGELES,CA,900731003,310-478-3711,N/A,N/A,1508578477,NPI Registry
N/A,dentist,"Los Angeles, CA","1127 WILSHIRE BLVD, SUITE 1504, LOS ANGELES, CA, 900173901",LOS ANGELES,CA,900173901,213-201-1388,N/A,N/A,1710078472,NPI Registry
N/A,dentist,"Los Angeles, CA","2080 CENTURY PARK E STE 1516, LOS ANGELES, CA, 900672018",LOS ANGELES,CA,900672018,310-286-3111,N/A,N/A,1124543574,NPI Registry
N/A,dentist,"Los Angeles, CA","100 MEDICAL PLAZA SUITE 350, LOS ANGELES, CA, 900950001",LOS ANGELES,CA,900950001,310-794-5750,N/A,N/A,1073108023,NPI Registry
N/A,dentist,"Los Angeles, CA","4533 LOS FELIZ BLVD, APT 310, LOS ANGELES, CA, 900272057",LOS ANGELES,CA,900272057,714-553-5802,N/A,N/A,1417393729,NPI Registry
N/A,dentist,"Los Angeles, CA","1357 E FLORENCE AVE, LOS ANGELES, CA, 900011934",LOS ANGELES,CA,900011934,323-835-0444,N/A,N/A,1477267490,NPI Registry
N/A,dentist,"Los Angeles, CA","4165 BEVERLY BLVD, LOS ANGELES, CA, 900044418",LOS ANGELES,CA,900044418,323-331-9242,N/A,N/A,1558848861,NPI Registry
N/A,dentist,"Los Angeles, CA","6021 MONTEREY RD, LOS ANGELES, CA, 900424326",LOS ANGELES,CA,900424326,323-553-0055,N/A,N/A,1922369305,NPI Registry
N/A,dentist,"Los Angeles, CA","1310 BARRY AVE APT 101, LOS ANGELES, CA, 900253955",LOS ANGELES,CA,900253955,714-580-4353,N/A,N/A,1669461802,NPI Registry
N/A,dentist,"Los Angeles, CA","925 W 34TH ST RM 102, LOS ANGELES, CA, 900890058",LOS ANGELES,CA,900890058,213-740-9066,N/A,N/A,1316288731,NPI Registry
N/A,dentist,"Los Angeles, CA","1031 W 34TH ST STE 401, LOS ANGELES, CA, 900893603",LOS ANGELES,CA,900893603,213-740-2012,N/A,N/A,1265139075,NPI Registry
N/A,dentist,"Los Angeles, CA","5701 S HOOVER ST, LOS ANGELES, CA, 900374045",LOS ANGELES,CA,900374045,323-541-1411,N/A,N/A,1831996966,NPI Registry
N/A,dentist,"Los Angeles, CA","11633 SAN VICENTE BLVD, SUITE #308, LOS ANGELES, CA, 900496511",LOS ANGELES,CA,900496511,310-207-3707,N/A,N/A,1881805844,NPI Registry
N/A,dentist,"Los Angeles, CA","1688 N PERRIS BLVD STE 103, PERRIS, CA, 925714709",PERRIS,CA,925714709,951-688-9363,N/A,N/A,1497342737,NPI Registry
N/A,dentist,"Los Angeles, CA","8615 S BROADWAY, KLEINMAN & WALLACE PROF DENTAL CORP, LOS ANGELES, CA, 90003",LOS ANGELES,CA,90003,323-752-3116,N/A,N/A,1679652812,NPI Registry
N/A,dentist,"Los Angeles, CA","5757 WILSHIRE BLVD STE 360, LOS ANGELES, CA, 900363683",LOS ANGELES,CA,900363683,323-988-8021,N/A,N/A,1902295108,NPI Registry
N/A,dentist,"Los Angeles, CA","10833 LE CONTE AVE, LOS ANGELES, CA, 900953075",LOS ANGELES,CA,900953075,310-267-1196,N/A,N/A,1073441689,NPI Registry
N/A,dentist,"Los Angeles, CA","11812 GATEWAY BLVD APT 2, LOS ANGELES, CA, 900642749",LOS ANGELES,CA,900642749,310-447-8836,N/A,N/A,1912650037,NPI Registry
N/A,dentist,"Los Angeles, CA","11812 GATEWAY BLVD APT 2, LOS ANGELES, CA, 900642749",LOS ANGELES,CA,900642749,310-500-0776,N/A,N/A,1285491605,NPI Registry
N/A,dentist,"Los Angeles, CA","3756 SANTA ROSALIA DR., 224, LOS ANGELES, CA, 900083616",LOS ANGELES,CA,900083616,323-294-6187,N/A,N/A,1487868006,NPI Registry
N/A,dentist,"Los Angeles, CA","3932 WILSHIRE BLVD, LOS ANGELES, CA, 900103307",LOS ANGELES,CA,900103307,213-386-3336,N/A,N/A,1891302485,NPI Registry
N/A,dentist,"Los Angeles, CA","3126 S BENTLEY AVE, LOS ANGELES, CA, 900343008",LOS ANGELES,CA,900343008,310-345-6989,N/A,N/A,1487486171,NPI Registry
N/A,dentist,"Los Angeles, CA","1655 HILLHURST AVE STE 103, LOS ANGELES, CA, 900275581",LOS ANGELES,CA,900275581,323-644-2676,N/A,N/A,1588710958,NPI Registry
N/A,dentist,"Los Angeles, CA","14649 VICTORY BLVD STE 24, VAN NUYS, CA, 914114101",VAN NUYS,CA,914114101,818-779-1663,N/A,N/A,1679311518,NPI Registry
N/A,dentist,"Los Angeles, CA","HARVARD DENTAL CENTER, 188 LONGWOOD AVE., BOSTON, MA, 02155",BOSTON,MA,02155,617-432-1434,N/A,N/A,1992447700,NPI Registry
N/A,dentist,"Los Angeles, CA","2424 W 3RD ST, LOS ANGELES, CA, 900571908",LOS ANGELES,CA,900571908,213-382-8228,N/A,N/A,1457420812,NPI Registry
N/A,dentist,"Los Angeles, CA","1031 W 34TH ST STE 401, LOS ANGELES, CA, 900893603",LOS ANGELES,CA,900893603,213-740-2012,N/A,N/A,1689439259,NPI Registry
N/A,dentist,"Los Angeles, CA","4518 CRENSHAW BLVD, LOS ANGELES, CA, 900431221",LOS ANGELES,CA,900431221,323-293-5223,N/A,N/A,1972712735,NPI Registry
N/A,dentist,"Los Angeles, CA","100 UCLA MEDICAL PLAZA #350, LOS ANGELES, CA, 900950001",LOS ANGELES,CA,900950001,310-794-5750,N/A,N/A,1689853301,NPI Registry
N/A,dentist,"Los Angeles, CA","925 W 34TH ST, LOS ANGELES, CA, 900890058",LOS ANGELES,CA,900890058,213-740-2805,N/A,N/A,1104407501,NPI Registry
N/A,dentist,"Los Angeles, CA","3932 WILSHIRE BLVD, UNIT 100, LOS ANGELES, CA, 900103307",LOS ANGELES,CA,900103307,213-386-3336,N/A,N/A,1699800920,NPI Registry
N/A,dentist,"Los Angeles, CA","2530 NW MEDICAL PARK DR, ROSEBURG, OR, 974715510",ROSEBURG,OR,974715510,541-673-6511,N/A,N/A,1912571738,NPI Registry
N/A,dentist,"Los Angeles, CA","9755 ALONDRA BLVD, BELLFLOWER, CA, 907063677",BELLFLOWER,CA,907063677,562-925-2397,N/A,N/A,1417025677,NPI Registry
N/A,dentist,"Los Angeles, CA","601 S HIGH ST, DELANO, CA, 93215",DELANO,CA,93215,661-725-9999,N/A,N/A,1215231501,NPI Registry
N/A,dentist,"Los Angeles, CA","5222 W SUNSET BLVD, LOS ANGELES, CA, 900275710",LOS ANGELES,CA,900275710,323-666-2222,N/A,N/A,1891870796,NPI Registry
N/A,dentist,"Los Angeles, CA","1321 N VERMONT AVENUE, LOS ANGELES, CA, 900276307",LOS ANGELES,CA,900276307,323-953-9183,N/A,N/A,1992830806,NPI Registry
N/A,dentist,"Los Angeles, CA","11775 SANTA MONICA BLVD, LOS ANGELES, CA, 900252843",LOS ANGELES,CA,900252843,310-444-1818,N/A,N/A,1669517363,NPI Registry
N/A,dentist,"Los Angeles, CA","1818 FAIRBURN AVE APT 301, LOS ANGELES, CA, 900254931",LOS ANGELES,CA,900254931,310-991-1296,N/A,N/A,1821298142,NPI Registry
N/A,dentist,"Los Angeles, CA","2613 W SUNSET BLVD, LOS ANGELES, CA, 900263905",LOS ANGELES,CA,900263905,213-484-1845,N/A,N/A,1104972397,NPI Registry
N/A,dentist,"Los Angeles, CA","7239 VAN NUYS BLVD # 6, VAN NUYS, CA, 914055863",VAN NUYS,CA,914055863,818-785-2424,N/A,N/A,1427124510,NPI Registry
N/A,dentist,"Los Angeles, CA","4000 BEVERLY BLVD, LOS ANGELES, CA, 900043314",LOS ANGELES,CA,900043314,310-500-9320,N/A,N/A,1972237725,NPI Registry
N/A,dentist,"Los Angeles, CA","6200 SAN VICENTE BLVD, LOS ANGELES, CA, 900485416",LOS ANGELES,CA,900485416,310-295-8050,N/A,N/A,1255227401,NPI Registry
N/A,dentist,"Los Angeles, CA","13334 LIMONITE AVE STE 120, EASTVALE, CA, 928807257",EASTVALE,CA,928807257,951-228-9294,N/A,N/A,1598375131,NPI Registry
N/A,dentist,"Los Angeles, CA","7210 DAY CREEK BLVD STE 110, RANCHO CUCAMONGA, CA, 917397543",RANCHO CUCAMONGA,CA,917397543,909-803-1111,N/A,N/A,1497326862,NPI Registry
N/A,dentist,"Los Angeles, CA","3500 E WHITTIER BLVD, #101, LOS ANGELES, CA, 90023",LOS ANGELES,CA,90023,323-264-8834,N/A,N/A,1063619062,NPI Registry
N/A,dentist,"Los Angeles, CA","10801 VENICE BLVD, LOS ANGELES, CA, 900347103",LOS ANGELES,CA,900347103,310-836-3476,N/A,N/A,1912209255,NPI Registry
N/A,dentist,"Los Angeles, CA","1451 N MONTEBELLO BLVD, MONTEBELLO, CA, 906402584",MONTEBELLO,CA,906402584,323-724-9955,N/A,N/A,1437342326,NPI Registry
N/A,dentist,"Los Angeles, CA","906 S SOTO ST, LOS ANGELES, CA, 900231323",LOS ANGELES,CA,900231323,323-263-9064,N/A,N/A,1558422246,NPI Registry
N/A,dentist,"Los Angeles, CA","3875 WILSHIRE BLVD, SUITE 901, LOS ANGELES, CA, 900103205",LOS ANGELES,CA,900103205,310-855-2923,N/A,N/A,1356390520,NPI Registry
N/A,dentist,"Los Angeles, CA","VA GREATER LOS ANGELES HEALTHCARE SYSTEM - DENT SERVICE, 11301 WISHIRE BLVD., LOS ANGELES, CA, 90073",LOS ANGELES,CA,90073,310-478-3711,N/A,N/A,1023054384,NPI Registry
N/A,dentist,"Los Angeles, CA","10921 WILSHIRE BLVD STE 1112, LOS ANGELES, CA, 900244005",LOS ANGELES,CA,900244005,310-208-4084,N/A,N/A,1912122870,NPI Registry
N/A,dentist,"Los Angeles, CA","2080 CENTURY PARK EAST, #1710, LOS ANGELES, CA, 900672020",LOS ANGELES,CA,900672020,310-553-3232,N/A,N/A,1255459343,NPI Registry
N/A,dentist,"Los Angeles, CA","2995 CLAIREMONT DR STE A, SAN DIEGO, CA, 921176766",SAN DIEGO,CA,921176766,858-200-0827,N/A,N/A,1588349716,NPI Registry
N/A,dentist,"Los Angeles, CA","11633 SAN VICENTE BLVD, #308, LOS ANGELES, CA, 90049",LOS ANGELES,CA,90049,310-207-7725,N/A,N/A,1619191582,NPI Registry
N/A,dentist,"Los Angeles, CA","149 S BARRINGTON AVE # 321, LOS ANGELES, CA, 900493310",LOS ANGELES,CA,900493310,310-770-4476,N/A,N/A,1679775043,NPI Registry
N/A,dentist,"Los Angeles, CA","5850 S MAIN ST, LOS ANGELES, CA, 900031215",LOS ANGELES,CA,900031215,909-538-2528,N/A,N/A,1376217752,NPI Registry
N/A,dentist,"Los Angeles, CA","925 W 34TH ST # 102, LOS ANGELES, CA, 900891003",LOS ANGELES,CA,900891003,213-740-5006,N/A,N/A,1922622570,NPI Registry
N/A,dentist,"Los Angeles, CA","1127 WILSHIRE BLVD, SUITE 1203, LOS ANGELES, CA, 900173901",LOS ANGELES,CA,900173901,213-482-9219,N/A,N/A,1215152491,NPI Registry
N/A,dentist,"Los Angeles, CA","1509 PANDORA AVE, LOS ANGELES, CA, 900246111",LOS ANGELES,CA,900246111,415-246-8182,N/A,N/A,1619151008,NPI Registry
N/A,dentist,"Los Angeles, CA","1530 S OLIVE ST, LOS ANGELES, CA, 900153023",LOS ANGELES,CA,900153023,213-747-5542,N/A,N/A,1508298761,NPI Registry
N/A,dentist,"Los Angeles, CA","44407 CHALLENGER WAY, LANCASTER, CA, 935353237",LANCASTER,CA,935353237,657-236-0483,N/A,N/A,1548808678,NPI Registry
N/A,dentist,"Los Angeles, CA","2515 W PICO BLVD, LOS ANGELES, CA, 900064003",LOS ANGELES,CA,900064003,213-384-4555,N/A,N/A,1225176506,NPI Registry
N/A,dentist,"Los Angeles, CA","11901 SANTA MONICA BLVD # 201, LOS ANGELES, CA, 900252767",LOS ANGELES,CA,900252767,213-839-0128,N/A,N/A,1346131919,NPI Registry
N/A,dentist,"Los Angeles, CA","11681 GORHAM AVE APT 8, LOS ANGELES, CA, 900494750",LOS ANGELES,CA,900494750,766-229-9952,N/A,N/A,1982248944,NPI Registry
N/A,dentist,"Los Angeles, CA","313 S MCCADDEN PL, LOS ANGELES, CA, 900204817",LOS ANGELES,CA,900204817,323-936-4928,N/A,N/A,1437513801,NPI Registry
N/A,dentist,"Los Angeles, CA","3119 GLENDALE BLVD, LOS ANGELES, CA, 900391805",LOS ANGELES,CA,900391805,323-660-5186,N/A,N/A,1407061948,NPI Registry
N/A,dentist,"Los Angeles, CA","814 S HARVARD BLVD, APT 12, LOS ANGELES, CA, 90005",LOS ANGELES,CA,90005,323-239-2993,N/A,N/A,1235593351,NPI Registry
N/A,dentist,"Los Angeles, CA","5205 MELROSE AVE, LOS ANGELES, CA, 900383144",LOS ANGELES,CA,900383144,323-653-1990,N/A,N/A,1043047483,NPI Registry
N/A,dentist,"Los Angeles, CA","3119 GLENDALE BLVD, LOS ANGELES, CA, 900391805",LOS ANGELES,CA,900391805,323-660-5186,N/A,N/A,1376758813,NPI Registry
N/A,dentist,"Los Angeles, CA","3165 DONA CHRISTINA PL, STUDIO CITY, CA, 916044237",STUDIO CITY,CA,916044237,512-363-9415,N/A,N/A,1740719012,NPI Registry
N/A,dentist,"Los Angeles, CA","6333 WILSHIRE BLVD, # 504, LOS ANGELES, CA, 900485702",LOS ANGELES,CA,900485702,323-648-0001,N/A,N/A,1538361910,NPI Registry
N/A,dentist,"Los Angeles, CA","555 N SPRING ST APT A237, LOS ANGELES, CA, 900124654",LOS ANGELES,CA,900124654,480-519-7420,N/A,N/A,1790567907,NPI Registry
N/A,dentist,"Los Angeles, CA","5757 WILSHIRE BLVD, 555, LOS ANGELES, CA, 900365810",LOS ANGELES,CA,900365810,323-904-4800,N/A,N/A,1548350069,NPI Registry
N/A,dentist,"Los Angeles, CA","3506 S BENTLEY AVE, 205, LOS ANGELES, CA, 900346553",LOS ANGELES,CA,900346553,310-779-6757,N/A,N/A,1437347283,NPI Registry
N/A,dentist,"Los Angeles, CA","11725 W WASHINGTON BLVD, LOS ANGELES, CA, 900665917",LOS ANGELES,CA,900665917,310-391-7173,N/A,N/A,1639394901,NPI Registry
N/A,dentist,"Los Angeles, CA","8723 ALDEN DRIVE, LOS ANGELES, CA, 90048",LOS ANGELES,CA,90048,310-423-6361,N/A,N/A,1619154267,NPI Registry
N/A,dentist,"Los Angeles, CA","1127 WILSHIRE BLVD, SUITE 509, LOS ANGELES, CA, 900173901",LOS ANGELES,CA,900173901,213-481-2080,N/A,N/A,1750681524,NPI Registry
N/A,dentist,"Los Angeles, CA","435 ARNAZ DR APT 103, LOS ANGELES, CA, 900483963",LOS ANGELES,CA,900483963,310-801-0282,N/A,N/A,1790929958,NPI Registry
N/A,dentist,"Los Angeles, CA","3945 WHITTIER BLVD, LOS ANGELES, CA, 900232440",LOS ANGELES,CA,900232440,323-265-1998,N/A,N/A,1790862340,NPI Registry
N/A,dentist,"Los Angeles, CA","8300 VALLEY CIRCLE BLVD STE B, WEST HILLS, CA, 913043023",WEST HILLS,CA,913043023,818-348-6068,N/A,N/A,1154093623,NPI Registry
N/A,dentist,"Los Angeles, CA","330 W OREGON AVE STE H, PHILADELPHIA, PA, 191484723",PHILADELPHIA,PA,191484723,215-467-3190,N/A,N/A,1922660448,NPI Registry
N/A,dentist,"Los Angeles, CA","3977 COCHRAN ST STE E, SIMI VALLEY, CA, 930632371",SIMI VALLEY,CA,930632371,805-583-3339,N/A,N/A,1699343871,NPI Registry
N/A,dentist,"Los Angeles, CA","10833 LE CONTE AVE # CHS10157, LOS ANGELES, CA, 900956384",LOS ANGELES,CA,900956384,310-794-1929,N/A,N/A,1821135138,NPI Registry
N/A,dentist,"Los Angeles, CA","6820 LATIJERA BLVD, SUITE # 205, LOS ANGELES, CA, 90045",LOS ANGELES,CA,90045,310-256-4326,N/A,N/A,1407244791,NPI Registry
N/A,dentist,"Los Angeles, CA","781 SEQUOIA AVE STE 4, LINDSAY, CA, 932471448",LINDSAY,CA,932471448,559-257-3230,N/A,N/A,1326650722,NPI Registry
N/A,dentist,"Los Angeles, CA","925 W 34TH ST, LOS ANGELES, CA, 900890058",LOS ANGELES,CA,900890058,213-740-2805,N/A,N/A,1982309613,NPI Registry
N/A,dentist,"Los Angeles, CA","123 S ALVARADO ST, LOS ANGELES, CA, 900572201",LOS ANGELES,CA,900572201,213-989-7700,N/A,N/A,1346967965,NPI Registry
N/A,dentist,"Los Angeles, CA","13203 GLADSTONE AVE, SYLMAR, CA, 913423116",SYLMAR,CA,913423116,818-833-0444,N/A,N/A,1710193826,NPI Registry
N/A,dentist,"Los Angeles, CA","355 W MANCHESTER AVE, LOS ANGELES, CA, 900033327",LOS ANGELES,CA,900033327,323-751-4100,N/A,N/A,1710023056,NPI Registry
N/A,dentist,"Los Angeles, CA","11912 VALLEY BLVD STE A, EL MONTE, CA, 917323153",EL MONTE,CA,917323153,626-444-5500,N/A,N/A,1215131164,NPI Registry
N/A,dentist,"Los Angeles, CA","5065 HOLLYWOOD BLVD STE 205, LOS ANGELES, CA, 900276122",LOS ANGELES,CA,900276122,323-666-9881,N/A,N/A,1902432933,NPI Registry
N/A,dentist,"Los Angeles, CA","2566 OVERLAND AVE, SUITE 630, LOS ANGELES, CA, 900643366",LOS ANGELES,CA,900643366,310-558-3616,N/A,N/A,1003199415,NPI Registry
N/A,dentist,"Los Angeles, CA","16111 PLUMMER ST, NORTH HILLS, CA, 913432036",NORTH HILLS,CA,913432036,818-433-8764,N/A,N/A,1245734334,NPI Registry
N/A,dentist,"Los Angeles, CA","1565 S WESTERN AVE, LOS ANGELES, CA, 900064233",LOS ANGELES,CA,900064233,323-734-8843,N/A,N/A,1609081132,NPI Registry
N/A,dentist,"Los Angeles, CA","5153 SUNSET BLVD, LOS ANGELES, CA, 90027",LOS ANGELES,CA,90027,323-665-0559,N/A,N/A,1740324854,NPI Registry
N/A,dentist,"Los Angeles, CA","279 S ATLANTIC BLVD # B, LOS ANGELES, CA, 900221734",LOS ANGELES,CA,900221734,562-646-7782,N/A,N/A,1972324218,NPI Registry
N/A,dentist,"Los Angeles, CA","1107 S ALVARADO ST, SUITE #102, LOS ANGELES, CA, 900064184",LOS ANGELES,CA,900064184,213-380-9999,N/A,N/A,1811170590,NPI Registry
N/A,dentist,"Los Angeles, CA","11645 WILSHIRE BLVD, SUITE 980, LOS ANGELES, CA, 90025",LOS ANGELES,CA,90025,310-820-0022,N/A,N/A,1689779423,NPI Registry
N/A,dentist,"Los Angeles, CA","10921 WILSHIRE BLVD, #1212, LOS ANGELES, CA, 900243906",LOS ANGELES,CA,900243906,818-730-5054,N/A,N/A,1316241367,NPI Registry
N/A,dentist,"Los Angeles, CA","3635 E 1ST ST, LOS ANGELES, CA, 900632345",LOS ANGELES,CA,900632345,323-269-7367,N/A,N/A,1376611509,NPI Registry
N/A,dentist,"Los Angeles, CA","1115 W COLORADO BLVD, LOS ANGELES, CA, 90041",LOS ANGELES,CA,90041,323-255-4600,N/A,N/A,1093857286,NPI Registry
N/A,dentist,"Los Angeles, CA","8539 W SUNSET BLVD STE 16, LOS ANGELES, CA, 90069",LOS ANGELES,CA,90069,720-375-3149,N/A,N/A,1053684431,NPI Registry
N/A,dentist,"Los Angeles, CA","11980 SAN VICENTE BLVD, LOS ANGELES, CA, 90049",LOS ANGELES,CA,90049,619-261-3933,N/A,N/A,1497209183,NPI Registry
N/A,dentist,"Los Angeles, CA","2605 BASIL LN, LOS ANGELES, CA, 900772005",LOS ANGELES,CA,900772005,310-869-5527,N/A,N/A,1306982723,NPI Registry
N/A,dentist,"Los Angeles, CA","8545 SATURN ST APT 201, LOS ANGELES, CA, 900353658",LOS ANGELES,CA,900353658,714-423-0288,N/A,N/A,1912243601,NPI Registry
N/A,dentist,"Los Angeles, CA","7125 N CHESTNUT AVE STE 107, FRESNO, CA, 937200358",FRESNO,CA,937200358,559-797-4355,N/A,N/A,1366122772,NPI Registry
N/A,dentist,"Los Angeles, CA","1053 COLORADO BLVD, SUITE A, LOS ANGELES, CA, 900412572",LOS ANGELES,CA,900412572,323-257-9361,N/A,N/A,1285731174,NPI Registry
N/A,dentist,"Los Angeles, CA","3400 S LA BREA AVE, LOS ANGELES, CA, 900165217",LOS ANGELES,CA,900165217,323-734-2284,N/A,N/A,1922125863,NPI Registry
N/A,dentist,"Los Angeles, CA","3756 SANTA ROSALIA DR, SUITE #500, LOS ANGELES, CA, 900083606",LOS ANGELES,CA,900083606,323-294-1170,N/A,N/A,1053595926,NPI Registry
N/A,dentist,"Los Angeles, CA","925 W. 34TH ST., LOS ANGELES, CA, 900890641",LOS ANGELES,CA,900890641,213-740-2805,N/A,N/A,1912235508,NPI Registry
N/A,dentist,"Los Angeles, CA","4210 EAGLE ROCK BLVD, LOS ANGELES, CA, 900654405",LOS ANGELES,CA,900654405,323-550-8341,N/A,N/A,1891082780,NPI Registry
N/A,dentist,"Los Angeles, CA","5300 SANTA MONICA BLVD STE 206, LOS ANGELES, CA, 900291258",LOS ANGELES,CA,900291258,323-798-5271,N/A,N/A,1053885020,NPI Registry
N/A,dentist,"Los Angeles, CA","815 S DETROIT ST, LOS ANGELES, CA, 900364813",LOS ANGELES,CA,900364813,626-807-3698,N/A,N/A,1801519400,NPI Registry
N/A,dentist,"Los Angeles, CA","767 N HILL ST, LOS ANGELES, CA, 900122343",LOS ANGELES,CA,900122343,213-808-1700,N/A,N/A,1760868111,NPI Registry
N/A,dentist,"Los Angeles, CA","10300 COMPTON AVE, LOS ANGELES, CA, 900023628",LOS ANGELES,CA,900023628,323-357-6600,N/A,N/A,1356447072,NPI Registry
N/A,dentist,"Los Angeles, CA","1621 COLORADO BLVD, LOS ANGELES, CA, 900411402",LOS ANGELES,CA,900411402,323-344-0448,N/A,N/A,1710184213,NPI Registry
N/A,dentist,"Los Angeles, CA","10921 WILSHIRE BLVD STE 501, LOS ANGELES, CA, 900244001",LOS ANGELES,CA,900244001,310-443-3030,N/A,N/A,1477755759,NPI Registry
N/A,dentist,"Los Angeles, CA","1429 WESTWOOD BLVD, SUITE A, LOS ANGELES, CA, 900244911",LOS ANGELES,CA,900244911,310-478-9282,N/A,N/A,1386831857,NPI Registry
N/A,dentist,"Los Angeles, CA","5828 SANTA MONICA BLVD, LOS ANGELES, CA, 900382002",LOS ANGELES,CA,900382002,323-871-9191,N/A,N/A,1528316205,NPI Registry
N/A,dentist,"Los Angeles, CA","1919 BEVERLY BLVD STE A, LOS ANGELES, CA, 900572401",LOS ANGELES,CA,900572401,213-484-2165,N/A,N/A,1720127962,NPI Registry
N/A,dentist,"Los Angeles, CA","10300 COMPTON AVE, LOS ANGELES, CA, 900023628",LOS ANGELES,CA,900023628,323-564-4331,N/A,N/A,1962190272,NPI Registry
N/A,dentist,"Los Angeles, CA","11980 SAN VICENTE BLVD STE 900, LOS ANGELES, CA, 900496607",LOS ANGELES,CA,900496607,310-979-2160,N/A,N/A,1154680296,NPI Registry
N/A,dentist,"Los Angeles, CA","11819 WILSHIRE BLVD, SUITE 208, LOS ANGELES, CA, 900256619",LOS ANGELES,CA,900256619,310-914-9246,N/A,N/A,1699889139,NPI Registry
N/A,dentist,"Los Angeles, CA","687 S VERMONT AVE, LOS ANGELES, CA, 900051349",LOS ANGELES,CA,900051349,213-381-7770,N/A,N/A,1740747880,NPI Registry
N/A,dentist,"Los Angeles, CA","3340 PROVIDENCE DR STE 552, ANCHORAGE, AK, 99508",ANCHORAGE,AK,99508,907-336-1234,N/A,N/A,1811355456,NPI Registry
N/A,dentist,"Los Angeles, CA","2528 W OLYMPIC BLVD, LOS ANGELES, CA, 900062922",LOS ANGELES,CA,900062922,213-387-2100,N/A,N/A,1386769412,NPI Registry
N/A,dentist,"Los Angeles, CA","5850 WILSHIRE BLVD, LOS ANGELES, CA, 900364522",LOS ANGELES,CA,900364522,323-932-7020,N/A,N/A,1043372824,NPI Registry
N/A,dentist,"Los Angeles, CA","866 S WESTMORELAND AVE, SUITE 102, LOS ANGELES, CA, 900051502",LOS ANGELES,CA,900051502,213-352-1366,N/A,N/A,1790995330,NPI Registry
N/A,dentist,"Los Angeles, CA","10945 SOUTH ST STE 202A, CERRITOS, CA, 907035366",CERRITOS,CA,907035366,424-256-3967,N/A,N/A,1427543800,NPI Registry
N/A,dentist,"Los Angeles, CA","5106 HOLLYWOOD BLVD STE 200, LOS ANGELES, CA, 900276135",LOS ANGELES,CA,900276135,323-667-9127,N/A,N/A,1992997928,NPI Registry
N/A,dentist,"Los Angeles, CA","3861 SEPULVEDA BLVD, CULVER CITY, CA, 902304605",CULVER CITY,CA,902304605,310-806-1327,N/A,N/A,1356939136,NPI Registry
N/A,dentist,"Los Angeles, CA","6318 PACIFIC BLVD, HUNTINGTON PARK, CA, 902554102",HUNTINGTON PARK,CA,902554102,323-588-4869,N/A,N/A,1255860722,NPI Registry
N/A,dentist,"Los Angeles, CA","1159 LOGAN ST, LOS ANGELES, CA, 90026",LOS ANGELES,CA,90026,213-483-8164,N/A,N/A,1407985112,NPI Registry
N/A,dentist,"Los Angeles, CA","4080 VIA MARISOL APT 341, LOS ANGELES, CA, 900425159",LOS ANGELES,CA,900425159,310-702-4121,N/A,N/A,1790958122,NPI Registry
N/A,dentist,"Los Angeles, CA","5602 W MANCHESTER AVE, LOS ANGELES, CA, 900454416",LOS ANGELES,CA,900454416,310-450-0300,N/A,N/A,1366114761,NPI Registry
N/A,dentist,"Los Angeles, CA","10913 VENICE BLVD, LOS ANGELES, CA, 90034",LOS ANGELES,CA,90034,310-558-8123,N/A,N/A,1841320355,NPI Registry
N/A,dentist,"Los Angeles, CA","5540 N FIGUEROA ST, LOS ANGELES, CA, 900424120",LOS ANGELES,CA,900424120,323-478-1101,N/A,N/A,1497911416,NPI Registry
N/A,dentist,"Los Angeles, CA","5540 N FIGUEROA ST, LOS ANGELES, CA, 900424120",LOS ANGELES,CA,900424120,323-478-1101,N/A,N/A,1952413148,NPI Registry
N/A,dentist,"Los Angeles, CA","3636 ROSEWOOD AVE, LOS ANGELES, CA, 90066",LOS ANGELES,CA,90066,817-966-2948,N/A,N/A,1336669381,NPI Registry
N/A,dentist,"Los Angeles, CA","2010 WILSHIRE BLVD, SUITE 602, LOS ANGELES, CA, 900573507",LOS ANGELES,CA,900573507,213-483-5160,N/A,N/A,1437374238,NPI Registry
N/A,dentist,"Los Angeles, CA","12131 NATIONAL BLVD, LOS ANGELES, CA, 900643522",LOS ANGELES,CA,900643522,310-312-5033,N/A,N/A,1255352860,NPI Registry
N/A,dentist,"Los Angeles, CA","3015 CRENSHAW BLVD, LOS ANGELES, CA, 900164264",LOS ANGELES,CA,900164264,323-731-0801,N/A,N/A,1346447018,NPI Registry
